epoch,train_acc,train_f1,val_acc,val_f1,val_precision,val_recall
1,0.8946947981767774,0.8799485723469224,0.9332832174403307,0.9231435375622429,0.9314110965487112,0.9150214592274678
2,0.966073022884263,0.9612577806396222,0.9379815824093215,0.9299065420560748,0.9205214465937763,0.9394849785407725
3,0.9895681593910061,0.9880875724404379,0.9381695170080812,0.9280874316939891,0.9456570155902004,0.9111587982832619
